set_num,name,year,theme_id,num_parts,img_url
1030-1,TECHNIC I: Simple Machines Set,1985,1,210,https://cdn.rebrickable.com/media/sets/1030-1.jpg
1038-1,ERBIE the Robo-Car,1985,1,120,https://cdn.rebrickable.com/media/sets/1038-1.jpg
1039-1,Manual Control Set 1,1986,1,39,https://cdn.rebrickable.com/media/sets/1039-1.jpg
1237-1,Honda Promotional Set,2001,1,56,https://cdn.rebrickable.com/media/sets/1237-1.jpg
1257-1,Trike Buggy,1999,1,30,https://cdn.rebrickable.com/media/sets/1257-1.jpg
1258-1,Propellor Buggy,1999,1,29,https://cdn.rebrickable.com/media/sets/1258-1.jpg
1259-1,Motorbike,1999,1,28,https://cdn.rebrickable.com/media/sets/1259-1.jpg
1260-1,Car,1999,1,26,https://cdn.rebrickable.com/media/sets/1260-1.jpg
1268-1,Bike Blaster,1999,1,28,https://cdn.rebrickable.com/media/sets/1268-1.jpg
1924-1,Motorcycle,1983,1,103,https://cdn.rebrickable.com/media/sets/1924-1.jpg
1972-1,Go-Cart,1985,1,98,https://cdn.rebrickable.com/media/sets/1972-1.jpg
2129-1,Blast-Off Dragster,1997,1,64,https://cdn.rebrickable.com/media/sets/2129-1.jpg
2544-1,Motorcycle,1998,1,28,https://cdn.rebrickable.com/media/sets/2544-1.jpg
3000-1,Trike Buggy,1999,1,30,https://cdn.rebrickable.com/media/sets/3000-1.jpg
3001-1,Kabaya Promotional Set: Propeller Buggy,1999,1,29,https://cdn.rebrickable.com/media/sets/3001-1.jpg
3003-1,Motorbike,1999,1,28,https://cdn.rebrickable.com/media/sets/3003-1.jpg
3005-1,Kabaya Promotional Set: Car,1999,1,26,https://cdn.rebrickable.com/media/sets/3005-1.jpg
30433-1,Volvo Wheel Loader,2022,1,69,https://cdn.rebrickable.com/media/sets/30433-1.jpg
30465-1,Helicopter,2021,1,70,https://cdn.rebrickable.com/media/sets/30465-1.jpg
3054-1,Kelloggs Promotional Set: TECHNIC Motorcycle,1998,1,30,https://cdn.rebrickable.com/media/sets/3054-1.jpg
3057-1,Create 'n' Race - Master Builders,2000,1,106,https://cdn.rebrickable.com/media/sets/3057-1.jpg
30655-1,Forklift with Pallet,2023,1,78,https://cdn.rebrickable.com/media/sets/30655-1.jpg
30682-1,NASA Mars Rover Perseverance,2024,1,83,https://cdn.rebrickable.com/media/sets/30682-1.jpg
30710-1,Skid-Steer Loader,2025,1,52,https://cdn.rebrickable.com/media/sets/30710-1.jpg
30735-1,Hot Rod Car,2026,1,83,https://cdn.rebrickable.com/media/sets/30735-1.jpg
30736-1,White Seaplane,2026,1,82,https://cdn.rebrickable.com/media/sets/30736-1.jpg
412401-1,Wrecking Ball Crane,2024,1,86,https://cdn.rebrickable.com/media/sets/412401-1.jpg
412402-1,Helicopter,2024,1,56,https://cdn.rebrickable.com/media/sets/412402-1.jpg
412403-1,Race car,2024,1,81,https://cdn.rebrickable.com/media/sets/412403-1.jpg
412501-1,Fire Truck,2024,1,80,https://cdn.rebrickable.com/media/sets/412501-1.jpg
412502-1,Combine Harvester,2025,1,80,https://cdn.rebrickable.com/media/sets/412502-1.jpg
412503-1,Gyrocopter,2025,1,63,https://cdn.rebrickable.com/media/sets/412503-1.jpg
412504-1,Excavator,2025,1,65,https://cdn.rebrickable.com/media/sets/412504-1.jpg
412505-1,Space Buggy,2025,1,62,https://cdn.rebrickable.com/media/sets/412505-1.jpg
412506-1,Offroader,2025,1,77,https://cdn.rebrickable.com/media/sets/412506-1.jpg
41999-1,4 x 4 Crawler Exclusive Edition,2013,1,1584,https://cdn.rebrickable.com/media/sets/41999-1.jpg
42000-1,Grand Prix Racer,2013,1,1141,https://cdn.rebrickable.com/media/sets/42000-1.jpg
42001-1,Mini Off-Roader,2013,1,100,https://cdn.rebrickable.com/media/sets/42001-1.jpg
42002-1,Hovercraft,2013,1,170,https://cdn.rebrickable.com/media/sets/42002-1.jpg
42004-1,Mini Backhoe Loader,2013,1,246,https://cdn.rebrickable.com/media/sets/42004-1.jpg
42005-1,Monster Truck,2013,1,329,https://cdn.rebrickable.com/media/sets/42005-1.jpg
42006-1,Excavator,2013,1,720,https://cdn.rebrickable.com/media/sets/42006-1.jpg
42007-1,Moto Cross Bike,2013,1,253,https://cdn.rebrickable.com/media/sets/42007-1.jpg
42008-1,Service Truck,2013,1,1276,https://cdn.rebrickable.com/media/sets/42008-1.jpg
42009-1,Mobile Crane MK II,2013,1,2607,https://cdn.rebrickable.com/media/sets/42009-1.jpg
42010-1,Off-Road Racer,2013,1,160,https://cdn.rebrickable.com/media/sets/42010-1.jpg
42011-1,Race Car,2013,1,158,https://cdn.rebrickable.com/media/sets/42011-1.jpg
42020-1,Twin-rotor Helicopter,2014,1,145,https://cdn.rebrickable.com/media/sets/42020-1.jpg
42021-1,Snowmobile,2014,1,186,https://cdn.rebrickable.com/media/sets/42021-1.jpg
42022-1,Hot Rod,2014,1,414,https://cdn.rebrickable.com/media/sets/42022-1.jpg
42023-1,Construction Crew,2014,1,836,https://cdn.rebrickable.com/media/sets/42023-1.jpg
42024-1,Container Truck,2014,1,948,https://cdn.rebrickable.com/media/sets/42024-1.jpg
42025-1,Cargo Plane,2014,1,1297,https://cdn.rebrickable.com/media/sets/42025-1.jpg
42026-1,Black Champion Racer,2014,1,138,https://cdn.rebrickable.com/media/sets/42026-1.jpg
42027-1,Desert Racer,2014,1,149,https://cdn.rebrickable.com/media/sets/42027-1.jpg
42028-1,Bulldozer,2014,1,617,https://cdn.rebrickable.com/media/sets/42028-1.jpg
42029-1,Customized Pick up Truck,2014,1,1063,https://cdn.rebrickable.com/media/sets/42029-1.jpg
42030-1,Remote-Controlled Volvo L350F Wheel Loader,2014,1,1636,https://cdn.rebrickable.com/media/sets/42030-1.jpg
42031-1,Cherry Picker,2015,1,155,https://cdn.rebrickable.com/media/sets/42031-1.jpg
42032-1,Compact Tracked Loader,2015,1,252,https://cdn.rebrickable.com/media/sets/42032-1.jpg
42033-1,Record Breaker,2015,1,125,https://cdn.rebrickable.com/media/sets/42033-1.jpg
42034-1,Quad Bike,2015,1,148,https://cdn.rebrickable.com/media/sets/42034-1.jpg
42035-1,Mining Truck,2015,1,362,https://cdn.rebrickable.com/media/sets/42035-1.jpg
42036-1,Street Motorcycle,2015,1,375,https://cdn.rebrickable.com/media/sets/42036-1.jpg
42037-1,Formula Off-Roader,2015,1,494,https://cdn.rebrickable.com/media/sets/42037-1.jpg
42038-1,Arctic Truck,2015,1,913,https://cdn.rebrickable.com/media/sets/42038-1.jpg
42039-1,24 Hours Race Car,2015,1,1219,https://cdn.rebrickable.com/media/sets/42039-1.jpg
42040-1,Fire Plane,2015,1,578,https://cdn.rebrickable.com/media/sets/42040-1.jpg
42041-1,Race Truck,2015,1,608,https://cdn.rebrickable.com/media/sets/42041-1.jpg
42042-1,Crawler Crane,2015,1,1400,https://cdn.rebrickable.com/media/sets/42042-1.jpg
42043-1,Mercedes-Benz Arocs 3245,2015,1,2793,https://cdn.rebrickable.com/media/sets/42043-1.jpg
42044-1,Display Team Jet,2016,1,113,https://cdn.rebrickable.com/media/sets/42044-1.jpg
42045-1,Hydroplane Racer,2016,1,180,https://cdn.rebrickable.com/media/sets/42045-1.jpg
42046-1,Getaway Racer,2016,1,170,https://cdn.rebrickable.com/media/sets/42046-1.jpg
42047-1,Police Interceptor,2016,1,185,https://cdn.rebrickable.com/media/sets/42047-1.jpg
42048-1,Race Kart,2016,1,345,https://cdn.rebrickable.com/media/sets/42048-1.jpg
42049-1,Mine Loader,2016,1,476,https://cdn.rebrickable.com/media/sets/42049-1.jpg
42050-1,Drag Racer,2016,1,647,https://cdn.rebrickable.com/media/sets/42050-1.jpg
42052-1,Heavy Lift Helicopter,2016,1,1042,https://cdn.rebrickable.com/media/sets/42052-1.jpg
42053-1,Volvo EW160E,2016,1,1166,https://cdn.rebrickable.com/media/sets/42053-1.jpg
42054-1,CLAAS XERION 5000 TRAC VC,2016,1,1976,https://cdn.rebrickable.com/media/sets/42054-1.jpg
42055-1,Bucket Wheel Excavator,2016,1,3929,https://cdn.rebrickable.com/media/sets/42055-1.jpg
42056-1,Porsche 911 GT3 RS,2016,1,2704,https://cdn.rebrickable.com/media/sets/42056-1.jpg
42057-1,Ultralight Helicopter,2017,1,199,https://cdn.rebrickable.com/media/sets/42057-1.jpg
42058-1,Stunt Bike,2017,1,140,https://cdn.rebrickable.com/media/sets/42058-1.jpg
42059-1,Stunt Truck,2017,1,142,https://cdn.rebrickable.com/media/sets/42059-1.jpg
42060-1,Roadwork Crew,2017,1,365,https://cdn.rebrickable.com/media/sets/42060-1.jpg
42061-1,Telehandler,2017,1,260,https://cdn.rebrickable.com/media/sets/42061-1.jpg
42062-1,Container Yard,2017,1,631,https://cdn.rebrickable.com/media/sets/42062-1.jpg
42063-1,BMW R 1200 GS Adventure,2017,1,603,https://cdn.rebrickable.com/media/sets/42063-1.jpg
42064-1,Ocean Explorer,2017,1,1327,https://cdn.rebrickable.com/media/sets/42064-1.jpg
42065-1,RC Tracked Racer,2017,1,370,https://cdn.rebrickable.com/media/sets/42065-1.jpg
42066-1,Air Race Jet,2017,1,1151,https://cdn.rebrickable.com/media/sets/42066-1.jpg
42068-1,Airport Rescue Vehicle,2017,1,1106,https://cdn.rebrickable.com/media/sets/42068-1.jpg
42069-1,Extreme Adventure,2017,1,2382,https://cdn.rebrickable.com/media/sets/42069-1.jpg
42070-1,6x6 All Terrain Tow Truck,2017,1,1862,https://cdn.rebrickable.com/media/sets/42070-1.jpg
42071-1,Dozer Compactor,2018,1,171,https://cdn.rebrickable.com/media/sets/42071-1.jpg
42072-1,WHACK!,2018,1,135,https://cdn.rebrickable.com/media/sets/42072-1.jpg
42073-1,BASH!,2018,1,139,https://cdn.rebrickable.com/media/sets/42073-1.jpg
42074-1,Racing Yacht,2018,1,331,https://cdn.rebrickable.com/media/sets/42074-1.jpg
42075-1,First Responder,2018,1,513,https://cdn.rebrickable.com/media/sets/42075-1.jpg
42076-1,Hovercraft,2018,1,1020,https://cdn.rebrickable.com/media/sets/42076-1.jpg
42077-1,Rally Car,2018,1,1005,https://cdn.rebrickable.com/media/sets/42077-1.jpg
42078-1,Mack Anthem,2018,1,2595,https://cdn.rebrickable.com/media/sets/42078-1.jpg
42079-1,Heavy Duty Forklift,2018,1,592,https://cdn.rebrickable.com/media/sets/42079-1.jpg
42080-1,Forest Machine,2018,1,1003,https://cdn.rebrickable.com/media/sets/42080-1.jpg
42081-1,Volvo Concept Wheel Loader ZEUX,2018,1,1167,https://cdn.rebrickable.com/media/sets/42081-1.jpg
42082-1,Rough Terrain Crane,2018,1,4056,https://cdn.rebrickable.com/media/sets/42082-1.jpg
42083-1,Bugatti Chiron,2018,1,3599,https://cdn.rebrickable.com/media/sets/42083-1.jpg
42084-1,Hook Loader,2018,1,176,https://cdn.rebrickable.com/media/sets/42084-1.jpg
42088-1,Cherry Picker,2019,1,155,https://cdn.rebrickable.com/media/sets/42088-1.jpg
42089-1,Power Boat,2019,1,174,https://cdn.rebrickable.com/media/sets/42089-1.jpg
42090-1,Getaway Truck,2019,1,128,https://cdn.rebrickable.com/media/sets/42090-1.jpg
42091-1,Police Pursuit,2019,1,120,https://cdn.rebrickable.com/media/sets/42091-1.jpg
42092-1,Rescue Helicopter,2019,1,325,https://cdn.rebrickable.com/media/sets/42092-1.jpg
42093-1,Chevrolet Corvette ZR1,2019,1,579,https://cdn.rebrickable.com/media/sets/42093-1.jpg
42094-1,Tracked Loader,2019,1,827,https://cdn.rebrickable.com/media/sets/42094-1.jpg
42095-1,Remote-Controlled Stunt Racer,2019,1,324,https://cdn.rebrickable.com/media/sets/42095-1.jpg
42096-1,Porsche 911 RSR,2019,1,1580,https://cdn.rebrickable.com/media/sets/42096-1.jpg
42097-1,Compact Crawler Crane,2019,1,920,https://cdn.rebrickable.com/media/sets/42097-1.jpg
42098-1,Car Transporter,2019,1,2493,https://cdn.rebrickable.com/media/sets/42098-1.jpg
42099-1,4x4 X-treme Off-Roader,2019,1,958,https://cdn.rebrickable.com/media/sets/42099-1.jpg
42100-1,Liebherr R 9800 Excavator,2019,1,4108,https://cdn.rebrickable.com/media/sets/42100-1.jpg
42101-1,Buggy,2020,1,117,https://cdn.rebrickable.com/media/sets/42101-1.jpg
42102-1,Mini CLAAS XERION,2020,1,130,https://cdn.rebrickable.com/media/sets/42102-1.jpg
42103-1,Dragster,2020,1,225,https://cdn.rebrickable.com/media/sets/42103-1.jpg
42104-1,Race Truck,2020,1,227,https://cdn.rebrickable.com/media/sets/42104-1.jpg
42105-1,Catamaran,2020,1,405,https://cdn.rebrickable.com/media/sets/42105-1.jpg
42106-1,Stunt Show Truck & Bike,2020,1,610,https://cdn.rebrickable.com/media/sets/42106-1.jpg
42107-1,Ducati Panigale V4 R,2020,1,646,https://cdn.rebrickable.com/media/sets/42107-1.jpg
42108-1,Mobile Crane,2020,1,1292,https://cdn.rebrickable.com/media/sets/42108-1.jpg
42109-1,App-Controlled Top Gear Rally Car,2020,1,463,https://cdn.rebrickable.com/media/sets/42109-1.jpg
42110-1,Land Rover Defender,2019,1,2573,https://cdn.rebrickable.com/media/sets/42110-1.jpg
42111-1,Dom's Dodge Charger,2020,1,1077,https://cdn.rebrickable.com/media/sets/42111-1.jpg
42112-1,Cement Mixer,2020,1,1161,https://cdn.rebrickable.com/media/sets/42112-1.jpg
42113-1,Bell Boeing V-22 Osprey,2020,1,1636,https://cdn.rebrickable.com/media/sets/42113-1.jpg
42114-1,6x6 Volvo Articulated Hauler,2020,1,2193,https://cdn.rebrickable.com/media/sets/42114-1.jpg
42115-1,Lamborghini Sián FKP 37,2020,1,3696,https://cdn.rebrickable.com/media/sets/42115-1.jpg
42116-1,Skid Steer Loader,2021,1,139,https://cdn.rebrickable.com/media/sets/42116-1.jpg
42117-1,Race Plane,2021,1,154,https://cdn.rebrickable.com/media/sets/42117-1.jpg
42118-1,Monster Jam Grave Digger,2021,1,212,https://cdn.rebrickable.com/media/sets/42118-1.jpg
42119-1,Monster Jam Max-D,2021,1,230,https://cdn.rebrickable.com/media/sets/42119-1.jpg
42120-1,Rescue Hovercraft,2021,1,457,https://cdn.rebrickable.com/media/sets/42120-1.jpg
42121-1,Heavy-Duty Excavator,2021,1,569,https://cdn.rebrickable.com/media/sets/42121-1.jpg
42122-1,Jeep Wrangler,2021,1,665,https://cdn.rebrickable.com/media/sets/42122-1.jpg
42123-1,McLaren Senna GTR,2021,1,830,https://cdn.rebrickable.com/media/sets/42123-1.jpg
42124-1,Off-Road Buggy,2021,1,374,https://cdn.rebrickable.com/media/sets/42124-1.jpg
42125-1,"Ferrari 488 GTE ""AF Corse #51""",2021,1,1684,https://cdn.rebrickable.com/media/sets/42125-1.jpg
42126-1,Ford F-150 Raptor,2021,1,1379,https://cdn.rebrickable.com/media/sets/42126-1.jpg
42127-1,The Batman - Batmobile,2021,1,1360,https://cdn.rebrickable.com/media/sets/42127-1.jpg
42128-1,Heavy Duty Tow Truck,2021,1,2017,https://cdn.rebrickable.com/media/sets/42128-1.jpg
42129-1,4x4 Mercedes-Benz Zetros Trial Truck,2021,1,2131,https://cdn.rebrickable.com/media/sets/42129-1.jpg
42130-1,BMW Motorrad M 1000 RR,2022,1,1922,https://cdn.rebrickable.com/media/sets/42130-1.jpg
42131-1,Cat D11 Bulldozer,2021,1,3854,https://cdn.rebrickable.com/media/sets/42131-1.jpg
42132-1,Motorcycle,2022,1,163,https://cdn.rebrickable.com/media/sets/42132-1.jpg
42133-1,Telehandler,2022,1,143,https://cdn.rebrickable.com/media/sets/42133-1.jpg
42134-1,Monster Jam Megalodon,2022,1,260,https://cdn.rebrickable.com/media/sets/42134-1.jpg
42135-1,Monster Jam El Toro Loco,2022,1,247,https://cdn.rebrickable.com/media/sets/42135-1.jpg
42136-1,John Deere 9620R 4WD Tractor,2022,1,390,https://cdn.rebrickable.com/media/sets/42136-1.jpg
42137-1,Formula E Porsche 99X Electric,2022,1,422,https://cdn.rebrickable.com/media/sets/42137-1.jpg
42138-1,Ford Mustang Shelby GT500,2022,1,544,https://cdn.rebrickable.com/media/sets/42138-1.jpg
42139-1,All-Terrain Vehicle,2022,1,764,https://cdn.rebrickable.com/media/sets/42139-1.jpg
42140-1,App-Controlled Transformation Vehicle,2022,1,772,https://cdn.rebrickable.com/media/sets/42140-1.jpg
42141-1,McLaren Formula 1 Team 2022 (First Edition),2022,1,1432,https://cdn.rebrickable.com/media/sets/42141-1.jpg
42141-2,McLaren Formula 1 Team 2022 (Second Edition),2022,1,1432,https://cdn.rebrickable.com/media/sets/42141-2.jpg
42143-1,Ferrari Daytona SP3,2022,1,3778,https://cdn.rebrickable.com/media/sets/42143-1.jpg
42144-1,Material Handler,2022,1,835,https://cdn.rebrickable.com/media/sets/42144-1.jpg
42145-1,Airbus H175 Rescue Helicopter,2022,1,2001,https://cdn.rebrickable.com/media/sets/42145-1.jpg
42146-1,Liebherr Crawler Crane LR 13000,2023,1,2883,https://cdn.rebrickable.com/media/sets/42146-1.jpg
42147-1,Dump Truck,2023,1,177,https://cdn.rebrickable.com/media/sets/42147-1.jpg
42148-1,Snow Groomer,2023,1,178,https://cdn.rebrickable.com/media/sets/42148-1.jpg
42149-1,Monster Jam Dragon,2023,1,217,https://cdn.rebrickable.com/media/sets/42149-1.jpg
42150-1,Monster Jam Monster Mutt Dalmatian,2023,1,244,https://cdn.rebrickable.com/media/sets/42150-1.jpg
42151-1,Bugatti Bolide,2023,1,905,https://cdn.rebrickable.com/media/sets/42151-1.jpg
42152-1,Firefighter Aircraft,2023,1,1134,https://cdn.rebrickable.com/media/sets/42152-1.jpg
42153-1,NASCAR Next Gen Chevrolet Camaro ZL1,2023,1,672,https://cdn.rebrickable.com/media/sets/42153-1.jpg
42154-1,2022 Ford GT,2023,1,1466,https://cdn.rebrickable.com/media/sets/42154-1.jpg
42155-1,The Batman - Batcycle,2023,1,641,https://cdn.rebrickable.com/media/sets/42155-1.jpg
42156-1,Peugeot 9X8 Le Mans Hybrid Hypercar,2023,1,1775,https://cdn.rebrickable.com/media/sets/42156-1.jpg
42157-1,John Deere 948L-II Skidder,2023,1,1492,https://cdn.rebrickable.com/media/sets/42157-1.jpg
42158-1,NASA Mars Rover Perseverance,2023,1,1132,https://cdn.rebrickable.com/media/sets/42158-1.jpg
42159-1,Yamaha MT-10 SP,2023,1,1478,https://cdn.rebrickable.com/media/sets/42159-1.jpg
42160-1,Audi RS Q e-tron,2023,1,914,https://cdn.rebrickable.com/media/sets/42160-1.jpg
42161-1,Lamborghini Huracán Tecnica,2023,1,806,https://cdn.rebrickable.com/media/sets/42161-1.jpg
42162-1,Bugatti Bolide Agile Blue,2023,1,905,https://cdn.rebrickable.com/media/sets/42162-1.jpg
42163-1,Heavy-Duty Bulldozer,2024,1,195,https://cdn.rebrickable.com/media/sets/42163-1.jpg
42164-1,Off-Road Race Buggy,2024,1,219,https://cdn.rebrickable.com/media/sets/42164-1.jpg
42165-1,Mercedes-AMG F1 W14 Pull-Back,2024,1,240,https://cdn.rebrickable.com/media/sets/42165-1.jpg
42166-1,NEOM McLaren Extreme E Race Car,2024,1,252,https://cdn.rebrickable.com/media/sets/42166-1.jpg
42167-1,Mack LR Electric Garbage Truck,2024,1,503,https://cdn.rebrickable.com/media/sets/42167-1.jpg
42168-1,John Deere 9700 Forage Harvester,2024,1,559,https://cdn.rebrickable.com/media/sets/42168-1.jpg
42169-1,NEOM McLaren Formula E Race Car,2024,1,452,https://cdn.rebrickable.com/media/sets/42169-1.jpg
42170-1,Kawasaki Ninja H2 Motorcycle,2024,1,643,https://cdn.rebrickable.com/media/sets/42170-1.jpg
42171-1,Mercedes-AMG F1 W14 E Performance,2024,1,1642,https://cdn.rebrickable.com/media/sets/42171-1.jpg
42172-1,McLaren P1,2024,1,3893,https://cdn.rebrickable.com/media/sets/42172-1.jpg
42173-1,Koenigsegg Jesko Absolut Grey Hypercar,2024,1,801,https://cdn.rebrickable.com/media/sets/42173-1.jpg
42174-1,Emirates Team New Zealand AC75 Yacht,2024,1,964,https://cdn.rebrickable.com/media/sets/42174-1.jpg
42175-1,Volvo FMX Truck & EC230 Electric Excavator,2024,1,2274,https://cdn.rebrickable.com/media/sets/42175-1.jpg
42176-1,Porsche GT4 e-Performance,2024,1,834,https://cdn.rebrickable.com/media/sets/42176-1.jpg
42177-1,Mercedes-Benz G 500 PROFESSIONAL Line,2024,1,2891,https://cdn.rebrickable.com/media/sets/42177-1.jpg
42178-1,Surface Space Loader,2024,1,435,https://cdn.rebrickable.com/media/sets/42178-1.jpg
42179-1,Planet Earth and Moon in Orbit,2024,1,526,https://cdn.rebrickable.com/media/sets/42179-1.jpg
42180-1,Mars Crew Exploration Rover,2024,1,1599,https://cdn.rebrickable.com/media/sets/42180-1.jpg
42181-1,VTOL Heavy Cargo Spaceship LT81,2024,1,1365,https://cdn.rebrickable.com/media/sets/42181-1.jpg
42182-1,NASA Apollo Lunar Roving Vehicle - LRV,2024,1,1913,https://cdn.rebrickable.com/media/sets/42182-1.jpg
42184-1,Koenigsegg Jesko Absolut White Hypercar,2024,1,801,https://cdn.rebrickable.com/media/sets/42184-1.jpg
42196-1,Lamborghini Huracán Tecnica Orange,2024,1,806,https://cdn.rebrickable.com/media/sets/42196-1.jpg
42197-1,Backhoe Loader,2025,1,104,https://cdn.rebrickable.com/media/sets/42197-1.jpg
42198-1,Bush Plane,2025,1,333,https://cdn.rebrickable.com/media/sets/42198-1.jpg
42199-1,Monster Jam DIGatron Pull-Back,2025,1,218,https://cdn.rebrickable.com/media/sets/42199-1.jpg
42200-1,Monster Jam ThunderROARus Pull-Back,2025,1,232,https://cdn.rebrickable.com/media/sets/42200-1.jpg
42201-1,Deep-Sea Research Submarine,2025,1,413,https://cdn.rebrickable.com/media/sets/42201-1.jpg
42202-1,Ducati Panigale V4 S Motorcycle,2025,1,1603,https://cdn.rebrickable.com/media/sets/42202-1.jpg
42203-1,Tipping Dump Truck,2025,1,462,https://cdn.rebrickable.com/media/sets/42203-1.jpg
42204-1,Fast and Furious Toyota Supra MK4,2025,1,810,https://cdn.rebrickable.com/media/sets/42204-1.jpg
42205-1,Chevrolet Corvette Stingray,2025,1,732,https://cdn.rebrickable.com/media/sets/42205-1.jpg
42206-1,Oracle Red Bull Racing RB20 F1 Car,2025,1,1639,https://cdn.rebrickable.com/media/sets/42206-1.jpg
42207-1,Ferrari SF-24 F1 Car,2025,1,1361,https://cdn.rebrickable.com/media/sets/42207-1.jpg
42208-1,Aston Martin Valkyrie,2025,1,708,https://cdn.rebrickable.com/media/sets/42208-1.jpg
42209-1,Volvo L120 Electric Wheel Loader,2025,1,973,https://cdn.rebrickable.com/media/sets/42209-1.jpg
42210-1,2 Fast 2 Furious Nissan Skyline GT-R (R34) Car,2025,1,1410,https://cdn.rebrickable.com/media/sets/42210-1.jpg
42211-1,Lunar Outpost Moon Rover Space Vehicle,2025,1,1082,https://cdn.rebrickable.com/media/sets/42211-1.jpg
42212-1,Ferrari FXX K,2025,1,897,https://cdn.rebrickable.com/media/sets/42212-1.jpg
42213-1,Ford Bronco SUV,2025,1,943,https://cdn.rebrickable.com/media/sets/42213-1.jpg
42214-1,Lamborghini Revuelto Super Sports Car,2025,1,1135,https://cdn.rebrickable.com/media/sets/42214-1.jpg
42215-1,Volvo EC500 Hybrid Excavator,2025,1,2359,https://cdn.rebrickable.com/media/sets/42215-1.jpg
42217-1,Chevrolet Corvette Stingray Blue,2025,1,732,https://cdn.rebrickable.com/media/sets/42217-1.jpg
42218-1,John Deere 1470H Wheeled Harvester,2026,1,117,https://cdn.rebrickable.com/media/sets/42218-1.jpg
42219-1,Monster Jam Grave Digger Fire and Ice,2026,1,263,https://cdn.rebrickable.com/media/sets/42219-1.jpg
42220-1,Monster Jam  Sparkle Smash Pull-Back,2026,1,243,https://cdn.rebrickable.com/media/sets/42220-1.jpg
42221-1,NASA Artemis Space Launch System Rocket,2026,1,632,https://cdn.rebrickable.com/media/sets/42221-1.jpg
42222-1,Bugatti Chiron Pur Sport Hypercar,2026,1,771,https://cdn.rebrickable.com/media/sets/42222-1.jpg
42223-1,1966 Ford GT40 MKII Race Car,2026,1,793,https://cdn.rebrickable.com/media/sets/42223-1.jpg
42224-1,Porsche 911 GT3 R REXY AO Racing Car,2026,1,1313,https://cdn.rebrickable.com/media/sets/42224-1.jpg
42225-1,Yellow Motorcycle,2026,1,151,https://cdn.rebrickable.com/media/sets/42225-1.jpg
42226-1,BMW M4 GT3 EVO Race Car,2026,1,747,https://cdn.rebrickable.com/media/sets/42226-1.jpg
42227-1,Jeep Wrangler Rubicon SUV,2026,1,723,https://cdn.rebrickable.com/media/sets/42227-1.jpg
42228-1,McLaren MCL39 F1 Car,2026,1,1675,https://cdn.rebrickable.com/media/sets/42228-1.jpg
5004193-1,Technic Racer Collection,2014,1,0,https://cdn.rebrickable.com/media/sets/5004193-1.jpg
5005496-1,Technic 40 Year Anniversary Model,2017,1,573,https://cdn.rebrickable.com/media/sets/5005496-1.jpg
65340-1,Dumper and Front End Loader Co-Pack (contains 8451 and 8453),2004,1,0,https://cdn.rebrickable.com/media/sets/65340-1.jpg
6535735-1,McLaren P1 Logo,2024,1,178,https://cdn.rebrickable.com/media/sets/6535735-1.jpg
66300-1,Technic Kettenbagger-Co-pack,2008,1,0,https://cdn.rebrickable.com/media/sets/66300-1.jpg
66318-1,Technic Super Pack 4 in 1,2009,1,0,https://cdn.rebrickable.com/media/sets/66318-1.jpg
66359-1,Technic Super Pack 4 in 1,2010,1,0,https://cdn.rebrickable.com/media/sets/66359-1.jpg
66397-1,Technic Super Pack 4 in 1,2011,1,0,https://cdn.rebrickable.com/media/sets/66397-1.jpg
66433-1,Technic Super Pack 3 in 1,2012,1,0,https://cdn.rebrickable.com/media/sets/66433-1.jpg
66712-1,Monster Jam Collection,2022,1,0,https://cdn.rebrickable.com/media/sets/66712-1.jpg
66784-1,NEOM McLaren Racing Gift Set,2024,1,0,https://cdn.rebrickable.com/media/sets/66784-1.jpg
8041-1,Race Truck,2010,1,608,https://cdn.rebrickable.com/media/sets/8041-1.jpg
8043-1,Motorized Excavator,2010,1,1127,https://cdn.rebrickable.com/media/sets/8043-1.jpg
8045-1,Mini Telehandler,2010,1,117,https://cdn.rebrickable.com/media/sets/8045-1.jpg
8046-1,Helicopter,2010,1,152,https://cdn.rebrickable.com/media/sets/8046-1.jpg
8047-1,Compact Excavator,2010,1,252,https://cdn.rebrickable.com/media/sets/8047-1.jpg
8048-1,Buggy,2010,1,314,https://cdn.rebrickable.com/media/sets/8048-1.jpg
8049-1,Tractor with Log Loader,2010,1,525,https://cdn.rebrickable.com/media/sets/8049-1.jpg
8051-1,Motorbike,2010,1,467,https://cdn.rebrickable.com/media/sets/8051-1.jpg
8052-1,Container Truck,2010,1,686,https://cdn.rebrickable.com/media/sets/8052-1.jpg
8053-1,Mobile Crane,2010,1,1289,https://cdn.rebrickable.com/media/sets/8053-1.jpg
8063-1,Tractor with Trailer,2009,1,1100,https://cdn.rebrickable.com/media/sets/8063-1.jpg
8065-1,Mini Container Truck,2011,1,119,https://cdn.rebrickable.com/media/sets/8065-1.jpg
8066-1,Off-Roader,2011,1,141,https://cdn.rebrickable.com/media/sets/8066-1.jpg
8067-1,Mini Mobile Crane,2011,1,292,https://cdn.rebrickable.com/media/sets/8067-1.jpg
8068-1,Rescue Helicopter,2011,1,408,https://cdn.rebrickable.com/media/sets/8068-1.jpg
8069-1,Backhoe Loader,2011,1,609,https://cdn.rebrickable.com/media/sets/8069-1.jpg
8070-1,Supercar,2011,1,1281,https://cdn.rebrickable.com/media/sets/8070-1.jpg
8071-1,Lift Truck,2011,1,593,https://cdn.rebrickable.com/media/sets/8071-1.jpg
8081-1,Extreme Cruiser,2011,1,590,https://cdn.rebrickable.com/media/sets/8081-1.jpg
8109-1,Flatbed Truck,2011,1,1115,https://cdn.rebrickable.com/media/sets/8109-1.jpg
8110-1,Mercedes-Benz Unimog U400,2011,1,2048,https://cdn.rebrickable.com/media/sets/8110-1.jpg
8203-1,Rover Discovery,1998,1,37,https://cdn.rebrickable.com/media/sets/8203-1.jpg
8204-1,Sky Flyer I,1998,1,41,https://cdn.rebrickable.com/media/sets/8204-1.jpg
8205-1,Bungee Blaster,1997,1,64,https://cdn.rebrickable.com/media/sets/8205-1.jpg
8207-1,Dune Duster / Hawaiian Beach Racer,1996,1,82,https://cdn.rebrickable.com/media/sets/8207-1.jpg
8208-1,Custom Cruiser,1998,1,53,https://cdn.rebrickable.com/media/sets/8208-1.jpg
8209-1,Future F1,1998,1,49,https://cdn.rebrickable.com/media/sets/8209-1.jpg
8210-1,Nitro Bike GTX / GTX 500,1995,1,86,https://cdn.rebrickable.com/media/sets/8210-1.jpg
8213-1,Spy Runner,1998,1,93,https://cdn.rebrickable.com/media/sets/8213-1.jpg
8215-1,Gyro Copter,1997,1,108,https://cdn.rebrickable.com/media/sets/8215-1.jpg
8216-1,Turbo I,1997,1,91,https://cdn.rebrickable.com/media/sets/8216-1.jpg
8217-1,The Wasp,1998,1,64,https://cdn.rebrickable.com/media/sets/8217-1.jpg
8218-1,Trike Tourer,1998,1,70,https://cdn.rebrickable.com/media/sets/8218-1.jpg
8219-1,Go-Cart,1998,1,101,https://cdn.rebrickable.com/media/sets/8219-1.jpg
8222-1,V-TOL,1997,1,141,https://cdn.rebrickable.com/media/sets/8222-1.jpg
8223-1,Hydrofoil 7 / Powerboat Columbia,1996,1,126,https://cdn.rebrickable.com/media/sets/8223-1.jpg
8225-1,Road Rally V / Super Kart,1995,1,97,https://cdn.rebrickable.com/media/sets/8225-1.jpg
8226-1,Mud Masher / Desert Stormer,1998,1,121,https://cdn.rebrickable.com/media/sets/8226-1.jpg
8229-1,Tread Trekker,1997,1,179,https://cdn.rebrickable.com/media/sets/8229-1.jpg
8230-1,Coastal Cop Buggy / Miami Police Patrol,1996,1,176,https://cdn.rebrickable.com/media/sets/8230-1.jpg
8232-1,Chopper Force,1997,1,278,https://cdn.rebrickable.com/media/sets/8232-1.jpg
8235-1,Front End Loader,1995,1,166,https://cdn.rebrickable.com/media/sets/8235-1.jpg
8246-1,Hydro Racer / Swamp Boat,1999,1,46,https://cdn.rebrickable.com/media/sets/8246-1.jpg
8247-1,Road Rebel / Buggy Racer,1999,1,44,https://cdn.rebrickable.com/media/sets/8247-1.jpg
8248-1,Forklift,1998,1,227,https://cdn.rebrickable.com/media/sets/8248-1.jpg
8250-1,Search Sub [No CD],1997,1,378,https://cdn.rebrickable.com/media/sets/8250-1.jpg
8251-1,Sonic Cycle,1999,1,89,https://cdn.rebrickable.com/media/sets/8251-1.jpg
8252-1,Beach Buster / Police Car,1999,1,167,https://cdn.rebrickable.com/media/sets/8252-1.jpg
8253-1,Fire Helicopter,1999,1,211,https://cdn.rebrickable.com/media/sets/8253-1.jpg
8255-1,Rescue Bike,1999,1,193,https://cdn.rebrickable.com/media/sets/8255-1.jpg
8256-1,Go-Kart,2009,1,144,https://cdn.rebrickable.com/media/sets/8256-1.jpg
8258-1,Crane Truck,2009,1,1877,https://cdn.rebrickable.com/media/sets/8258-1.jpg
8259-1,Mini Bulldozer,2009,1,165,https://cdn.rebrickable.com/media/sets/8259-1.jpg
8260-1,Tractor,2009,1,104,https://cdn.rebrickable.com/media/sets/8260-1.jpg
8261-1,Rally Truck,2009,1,198,https://cdn.rebrickable.com/media/sets/8261-1.jpg
8262-1,Quad Bike,2009,1,308,https://cdn.rebrickable.com/media/sets/8262-1.jpg
8263-1,Snow Groomer,2009,1,590,https://cdn.rebrickable.com/media/sets/8263-1.jpg
8264-1,Hauler,2009,1,575,https://cdn.rebrickable.com/media/sets/8264-1.jpg
8265-1,Front Loader,2009,1,1061,https://cdn.rebrickable.com/media/sets/8265-1.jpg
8270-1,Rough Terrain Crane,2007,1,106,https://cdn.rebrickable.com/media/sets/8270-1.jpg
8271-1,Wheel Loader,2007,1,200,https://cdn.rebrickable.com/media/sets/8271-1.jpg
8272-1,Snowmobile,2007,1,332,https://cdn.rebrickable.com/media/sets/8272-1.jpg
8273-1,Off Road Truck,2007,1,805,https://cdn.rebrickable.com/media/sets/8273-1.jpg
8274-1,Combine Harvester,2007,1,1025,https://cdn.rebrickable.com/media/sets/8274-1.jpg
8275-1,Motorized Bulldozer,2007,1,1381,https://cdn.rebrickable.com/media/sets/8275-1.jpg
8277-1,Giant Model Set,1997,1,554,https://cdn.rebrickable.com/media/sets/8277-1.jpg
8279-1,4WD X-Track,2000,1,449,https://cdn.rebrickable.com/media/sets/8279-1.jpg
8280-1,Fire Engine / Fire Response Unit,1995,1,439,https://cdn.rebrickable.com/media/sets/8280-1.jpg
8281-1,Mini Tractor,2006,1,121,https://cdn.rebrickable.com/media/sets/8281-1.jpg
8282-1,Quad Bike,2006,1,200,https://cdn.rebrickable.com/media/sets/8282-1.jpg
8283-1,Telehandler,2006,1,323,https://cdn.rebrickable.com/media/sets/8283-1.jpg
8284-1,Tractor,2006,1,872,https://cdn.rebrickable.com/media/sets/8284-1.jpg
8285-1,Tow Truck,2006,1,1879,https://cdn.rebrickable.com/media/sets/8285-1.jpg
8286-1,3 In 1 Car / Amphipower,1996,1,726,https://cdn.rebrickable.com/media/sets/8286-1.jpg
8288-1,Crawler Crane,2006,1,800,https://cdn.rebrickable.com/media/sets/8288-1.jpg
8289-1,Fire Truck,2006,1,1035,https://cdn.rebrickable.com/media/sets/8289-1.jpg
8290-1,Mini Forklift,2008,1,88,https://cdn.rebrickable.com/media/sets/8290-1.jpg
8291-1,Dirt Bike,2008,1,248,https://cdn.rebrickable.com/media/sets/8291-1.jpg
8292-1,Cherry Picker,2008,1,725,https://cdn.rebrickable.com/media/sets/8292-1.jpg
8294-1,Excavator,2008,1,720,https://cdn.rebrickable.com/media/sets/8294-1.jpg
8295-1,Telescopic Handler,2008,1,1182,https://cdn.rebrickable.com/media/sets/8295-1.jpg
8296-1,Dune Buggy,2008,1,199,https://cdn.rebrickable.com/media/sets/8296-1.jpg
8297-1,Off-Roader,2008,1,1097,https://cdn.rebrickable.com/media/sets/8297-1.jpg
8299-1,Search Sub [with CD],1997,1,379,https://cdn.rebrickable.com/media/sets/8299-1.jpg
8408-1,Desert Ranger,1996,1,289,https://cdn.rebrickable.com/media/sets/8408-1.jpg
8412-1,Nighthawk / Sky Wasp,1995,1,287,https://cdn.rebrickable.com/media/sets/8412-1.jpg
8414-1,Mountain Rambler,1997,1,244,https://cdn.rebrickable.com/media/sets/8414-1.jpg
8415-1,Dump Truck,2005,1,284,https://cdn.rebrickable.com/media/sets/8415-1.jpg
8416-1,Forklift,2005,1,729,https://cdn.rebrickable.com/media/sets/8416-1.jpg
8417-1,Mag Wheel Master,1998,1,315,https://cdn.rebrickable.com/media/sets/8417-1.jpg
8418-1,Mini Loader,2005,1,66,https://cdn.rebrickable.com/media/sets/8418-1.jpg
8419-1,Excavator,2005,1,286,https://cdn.rebrickable.com/media/sets/8419-1.jpg
8420-1,Street Bike,2005,1,506,https://cdn.rebrickable.com/media/sets/8420-1.jpg
8421-1,Mobile Crane,2005,1,1885,https://cdn.rebrickable.com/media/sets/8421-1.jpg
8422-1,Circuit Shock Racer / V-Twin Super Bike,1995,1,311,https://cdn.rebrickable.com/media/sets/8422-1.jpg
8425-1,Black Hawk / Sky Stormer,1996,1,469,https://cdn.rebrickable.com/media/sets/8425-1.jpg
8428-1,Turbo Command Featuring CD-ROM Experience Expander,1998,1,472,https://cdn.rebrickable.com/media/sets/8428-1.jpg
8429-1,Helicopter,2002,1,149,https://cdn.rebrickable.com/media/sets/8429-1.jpg
8430-1,Motorbike,2002,1,315,https://cdn.rebrickable.com/media/sets/8430-1.jpg
8431-1,Crane Truck,2002,1,836,https://cdn.rebrickable.com/media/sets/8431-1.jpg
8432-1,Supersonic Car,1998,1,471,https://cdn.rebrickable.com/media/sets/8432-1.jpg
8433-1,Cool Movers,2004,1,215,https://cdn.rebrickable.com/media/sets/8433-1.jpg
8434-1,Aircraft,2004,1,445,https://cdn.rebrickable.com/media/sets/8434-1.jpg
8435-1,4WD,2004,1,763,https://cdn.rebrickable.com/media/sets/8435-1.jpg
8436-1,Truck,2004,1,1032,https://cdn.rebrickable.com/media/sets/8436-1.jpg
8437-1,Future Car,1997,1,418,https://cdn.rebrickable.com/media/sets/8437-1.jpg
8438-1,Pneumatic Crane Truck,2003,1,847,https://cdn.rebrickable.com/media/sets/8438-1.jpg
8439-1,Front End Loader,2004,1,585,https://cdn.rebrickable.com/media/sets/8439-1.jpg
8440-1,Formula Flash,1995,1,418,https://cdn.rebrickable.com/media/sets/8440-1.jpg
8441-1,Fork Lift Truck,2003,1,69,https://cdn.rebrickable.com/media/sets/8441-1.jpg
8443-1,Pneumatic Log Loader / Pneumatic Logger,1996,1,334,https://cdn.rebrickable.com/media/sets/8443-1.jpg
8444-1,Air Enforcer / Supercopter,1999,1,303,https://cdn.rebrickable.com/media/sets/8444-1.jpg
8445-1,Indy Storm / Formula 1 Racer,1999,1,434,https://cdn.rebrickable.com/media/sets/8445-1.jpg
8446-1,Crane Truck,1999,1,573,https://cdn.rebrickable.com/media/sets/8446-1.jpg
8448-1,Super Street Sensation,1999,1,1406,https://cdn.rebrickable.com/media/sets/8448-1.jpg
8451-1,Dumper,2003,1,183,https://cdn.rebrickable.com/media/sets/8451-1.jpg
8453-1,Front End Loader,2003,1,214,https://cdn.rebrickable.com/media/sets/8453-1.jpg
8453-2,Front-End Loader Black Box,2004,1,214,https://cdn.rebrickable.com/media/sets/8453-2.jpg
8454-1,Rescue Truck,2003,1,634,https://cdn.rebrickable.com/media/sets/8454-1.jpg
8455-1,Backhoe Loader,2003,1,704,https://cdn.rebrickable.com/media/sets/8455-1.jpg
8456-1,Fiber Optic Multi Set / Multi Racer Set (with Fibre Optics),1996,1,406,https://cdn.rebrickable.com/media/sets/8456-1.jpg
8457-1,Power Puller,2000,1,980,https://cdn.rebrickable.com/media/sets/8457-1.jpg
8458-1,Silver Champion,2000,1,1433,https://cdn.rebrickable.com/media/sets/8458-1.jpg
8459-1,Pneumatic Front-End Loader,1997,1,595,https://cdn.rebrickable.com/media/sets/8459-1.jpg
8460-1,Pneumatic Crane Truck / Mobile Crane,1995,1,863,https://cdn.rebrickable.com/media/sets/8460-1.jpg
8462-1,Tow Truck,1998,1,786,https://cdn.rebrickable.com/media/sets/8462-1.jpg
8463-1,Forklift Truck,2001,1,232,https://cdn.rebrickable.com/media/sets/8463-1.jpg
8464-1,Pneumatic Front End Loader,2001,1,583,https://cdn.rebrickable.com/media/sets/8464-1.jpg
8465-1,Extreme Off-Roader,2001,1,364,https://cdn.rebrickable.com/media/sets/8465-1.jpg
8466-1,4x4 Off Roader,2001,1,1103,https://cdn.rebrickable.com/media/sets/8466-1.jpg
8479-1,Barcode Multi-Set,1997,1,1274,https://cdn.rebrickable.com/media/sets/8479-1.jpg
8480-1,Space Shuttle,1996,1,1366,https://cdn.rebrickable.com/media/sets/8480-1.jpg
8620-1,Snow Scooter,1986,1,98,https://cdn.rebrickable.com/media/sets/8620-1.jpg
8640-1,Polar Copter,1986,1,241,https://cdn.rebrickable.com/media/sets/8640-1.jpg
8660-1,Arctic Rescue Unit,1986,1,387,https://cdn.rebrickable.com/media/sets/8660-1.jpg
8680-1,Arctic Rescue Base,1986,1,527,https://cdn.rebrickable.com/media/sets/8680-1.jpg
8808-1,F1 Racer,1994,1,94,https://cdn.rebrickable.com/media/sets/8808-1.jpg
8810-1,Cafe Racer,1991,1,80,https://cdn.rebrickable.com/media/sets/8810-1.jpg
8812-1,Aero Hawk II,1994,1,149,https://cdn.rebrickable.com/media/sets/8812-1.jpg
8815-1,Speedway Bandit,1991,1,78,https://cdn.rebrickable.com/media/sets/8815-1.jpg
8816-1,Off-Road Rambler,1994,1,185,https://cdn.rebrickable.com/media/sets/8816-1.jpg
8818-1,Baja Blaster,1993,1,120,https://cdn.rebrickable.com/media/sets/8818-1.jpg
8820-1,Mountain Rambler,1991,1,139,https://cdn.rebrickable.com/media/sets/8820-1.jpg
8824-1,Hovercraft,1994,1,193,https://cdn.rebrickable.com/media/sets/8824-1.jpg
8825-1,Night Chopper,1991,1,113,https://cdn.rebrickable.com/media/sets/8825-1.jpg
8826-1,ATX Sport Cycle,1993,1,95,https://cdn.rebrickable.com/media/sets/8826-1.jpg
8828-1,Front End Loader,1993,1,175,https://cdn.rebrickable.com/media/sets/8828-1.jpg
8829-1,Dune Blaster,1994,1,278,https://cdn.rebrickable.com/media/sets/8829-1.jpg
8830-1,Rally 6-Wheeler,1990,1,169,https://cdn.rebrickable.com/media/sets/8830-1.jpg
8832-1,Roadster,1988,1,86,https://cdn.rebrickable.com/media/sets/8832-1.jpg
8835-1,Forklift,1989,1,240,https://cdn.rebrickable.com/media/sets/8835-1.jpg
8836-1,Sky Ranger,1993,1,273,https://cdn.rebrickable.com/media/sets/8836-1.jpg
8837-1,Pneumatic Excavator,1992,1,255,https://cdn.rebrickable.com/media/sets/8837-1.jpg
8838-1,Shock Cycle,1991,1,247,https://cdn.rebrickable.com/media/sets/8838-1.jpg
8839-1,Supply Ship,1992,1,532,https://cdn.rebrickable.com/media/sets/8839-1.jpg
8840-1,Rally Shock n' Roll Racer,1991,1,222,https://cdn.rebrickable.com/media/sets/8840-1.jpg
8841-1,Desert Racer,1983,1,180,https://cdn.rebrickable.com/media/sets/8841-1.jpg
8842-1,Go-Cart,1986,1,282,https://cdn.rebrickable.com/media/sets/8842-1.jpg
8843-1,Fork Lift Truck,1984,1,275,https://cdn.rebrickable.com/media/sets/8843-1.jpg
8849-1,Tractor,1986,1,347,https://cdn.rebrickable.com/media/sets/8849-1.jpg
8850-1,Rally Support Truck,1990,1,360,https://cdn.rebrickable.com/media/sets/8850-1.jpg
8851-1,Excavator,1984,1,362,https://cdn.rebrickable.com/media/sets/8851-1.jpg
8852-1,Robot,1987,1,327,https://cdn.rebrickable.com/media/sets/8852-1.jpg
8853-1,Excavator / Digger,1988,1,326,https://cdn.rebrickable.com/media/sets/8853-1.jpg
8854-1,Power Crane,1989,1,517,https://cdn.rebrickable.com/media/sets/8854-1.jpg
8855-1,Prop Plane,1988,1,572,https://cdn.rebrickable.com/media/sets/8855-1.jpg
8856-1,Whirlwind Rescue,1991,1,517,https://cdn.rebrickable.com/media/sets/8856-1.jpg
8857-1,Street Chopper / Trike,1993,1,378,https://cdn.rebrickable.com/media/sets/8857-1.jpg
8858-1,Rebel Wrecker,1994,1,460,https://cdn.rebrickable.com/media/sets/8858-1.jpg
8862-1,Backhoe Grader,1989,1,679,https://cdn.rebrickable.com/media/sets/8862-1.jpg
8865-1,Test Car,1988,1,898,https://cdn.rebrickable.com/media/sets/8865-1.jpg
8868-1,Airtech Claw Rig,1992,1,954,https://cdn.rebrickable.com/media/sets/8868-1.jpg
8872-1,Forklift Transporter,1993,1,763,https://cdn.rebrickable.com/media/sets/8872-1.jpg
8880-1,Super Car,1994,1,1346,https://cdn.rebrickable.com/media/sets/8880-1.jpg
9390-1,Mini Tow Truck,2012,1,138,https://cdn.rebrickable.com/media/sets/9390-1.jpg
9391-1,Mini Crane,2012,1,218,https://cdn.rebrickable.com/media/sets/9391-1.jpg
9392-1,Quad Bike,2012,1,199,https://cdn.rebrickable.com/media/sets/9392-1.jpg
9393-1,Tractor,2012,1,353,https://cdn.rebrickable.com/media/sets/9393-1.jpg
9394-1,Jet Plane,2012,1,499,https://cdn.rebrickable.com/media/sets/9394-1.jpg
9395-1,Pick-Up Tow Truck,2012,1,954,https://cdn.rebrickable.com/media/sets/9395-1.jpg
9396-1,Helicopter,2012,1,1056,https://cdn.rebrickable.com/media/sets/9396-1.jpg
9397-1,Logging Truck,2012,1,1308,https://cdn.rebrickable.com/media/sets/9397-1.jpg
9398-1,4 x 4 Crawler,2012,1,1327,https://cdn.rebrickable.com/media/sets/9398-1.jpg
KABTEC-1,Kabaya Technic Vehicle 4-Pack,1999,1,0,https://cdn.rebrickable.com/media/sets/kabtec-1.jpg
L0002290-1,Submarine,2025,1,70,https://cdn.rebrickable.com/media/sets/l0002290-1.jpg
L0002291-1,Super Sports Car,2026,1,79,https://cdn.rebrickable.com/media/sets/l0002291-1.jpg
TSUPER-1,Technic Racer,1991,1,263,https://cdn.rebrickable.com/media/sets/tsuper-1.jpg